sme_id,listing_id,waste_type_id,subcategory_id,recycler_id,month,total_waste_kg,waste_diverted_kg,emissions_avoided_kg,net_climate_impact,compliance_score
1,1,3,10,3,June-2024,131.65,0.0,29.83,8.98,61
1,2,4,16,29,February-2024,11.18,0.0,1.51,-0.32,56
2,3,2,8,17,November-2024,272.27,0.0,62.81,3.75,61
2,4,1,3,57,May-2024,397.55,397.55,70.06,10.32,58
3,5,3,9,1,March-2024,448.18,0.0,103.97,17.82,61
3,6,1,4,3,October-2024,275.5,0.0,42.61,-1.43,57
4,7,1,3,54,January-2024,104.37,0.0,19.86,4.62,59
4,8,3,11,34,April-2024,447.66,447.66,384.69,283.44,92
5,9,3,9,7,May-2024,299.74,299.74,164.37,104.32,77
5,10,3,9,58,April-2024,288.51,0.0,70.27,29.01,62
6,11,4,13,44,October-2024,416.44,0.0,26.68,-65.51,53
6,12,1,4,40,October-2024,433.34,0.0,28.19,-46.05,53
7,13,2,6,10,November-2024,348.22,0.0,20.5,-57.09,52
7,14,1,3,23,August-2024,48.73,0.0,4.3,-6.81,54
8,15,3,12,41,October-2024,437.13,0.0,33.96,-81.09,53
8,16,1,1,37,October-2024,149.85,0.0,14.73,-11.4,54
9,17,1,3,46,February-2024,59.21,0.0,14.22,-0.3,62
9,18,1,3,18,December-2024,444.97,444.97,298.57,243.43,83
10,19,1,2,24,September-2024,56.07,0.0,8.2,-0.5,57
10,20,1,3,55,June-2024,167.09,0.0,14.51,-15.81,54
11,21,2,5,53,May-2024,163.02,0.0,34.89,-9.4,60
11,22,3,10,8,March-2024,340.91,0.0,53.88,10.11,57
12,23,1,3,59,October-2024,309.84,309.84,34.36,-37.14,55
12,24,3,9,16,September-2024,476.42,476.42,124.31,37.47,63
13,25,3,11,48,April-2024,240.31,0.0,41.61,-14.31,58
13,26,4,15,11,June-2024,321.04,0.0,77.87,20.74,62
14,27,3,12,27,January-2024,18.7,0.0,3.64,-0.82,59
14,28,2,6,19,February-2024,187.8,0.0,12.15,-30.82,53
15,29,1,2,19,December-2024,390.7,0.0,96.27,5.67,62
15,30,2,6,28,November-2024,25.02,25.02,4.27,-2.43,58
16,31,4,16,17,May-2024,429.81,429.81,83.25,6.63,59
16,32,1,2,19,May-2024,321.03,0.0,35.49,-18.86,55
17,33,2,6,51,March-2024,259.56,259.56,188.31,136.76,86
17,34,2,5,56,June-2024,229.01,0.0,11.63,-25.78,52
18,35,1,2,24,December-2024,169.01,0.0,11.99,-27.97,53
18,36,1,4,4,August-2024,387.28,387.28,84.3,3.78,60
19,37,4,15,34,March-2024,332.6,0.0,17.56,-32.4,52
19,38,1,2,46,December-2024,27.07,27.07,18.89,14.91,84
20,39,1,2,30,August-2024,257.69,257.69,85.34,27.55,66
20,40,3,10,51,March-2024,316.67,0.0,36.62,-32.4,55
21,41,1,3,44,May-2024,242.65,242.65,96.27,53.78,69
21,42,1,3,20,September-2024,128.26,0.0,25.61,-2.65,59
22,43,1,2,27,April-2024,215.65,0.0,21.18,-7.27,54
22,44,2,6,14,February-2024,267.42,0.0,22.78,-38.88,54
23,45,3,9,50,August-2024,48.43,0.0,9.43,1.84,59
23,46,4,15,48,January-2024,297.03,0.0,22.65,-49.2,53
24,47,1,1,30,October-2024,476.9,0.0,118.01,-8.59,62
24,48,1,4,25,August-2024,289.76,0.0,40.79,-21.59,57
25,49,1,3,46,February-2024,480.37,0.0,55.41,-29.69,55
25,50,1,4,42,April-2024,319.51,319.51,178.95,132.65,78
26,51,1,1,27,August-2024,24.78,0.0,3.54,-1.99,57
26,52,1,2,56,November-2024,166.67,0.0,33.76,2.39,60
27,53,2,7,43,January-2024,204.79,0.0,40.74,9.35,59
27,54,1,2,18,February-2024,139.93,0.0,29.29,8.95,60
28,55,2,7,45,September-2024,247.05,0.0,35.42,-11.2,57
28,56,1,3,23,March-2024,354.85,354.85,236.32,158.37,83
29,57,1,4,56,May-2024,297.3,0.0,21.89,-21.6,53
29,58,1,3,44,April-2024,472.07,0.0,63.06,-1.04,56
30,59,1,2,35,June-2024,114.21,114.21,38.32,20.7,66
30,60,1,2,39,September-2024,111.34,0.0,18.42,-7.71,58
31,61,1,2,2,June-2024,240.45,0.0,20.54,-32.27,54
31,62,1,4,26,July-2024,333.58,0.0,80.86,-9.17,62
32,63,2,5,6,October-2024,253.79,253.79,106.9,69.96,71
32,64,1,4,43,December-2024,468.51,0.0,112.85,11.81,62
33,65,3,11,24,October-2024,370.32,0.0,42.67,-37.22,55
33,66,3,11,47,May-2024,169.7,0.0,38.9,3.15,61
34,67,1,4,45,May-2024,284.52,284.52,329.77,292.21,107
34,68,2,7,48,August-2024,155.79,0.0,23.32,-18.27,57
35,69,1,2,43,August-2024,195.65,0.0,26.51,-3.1,56
35,70,2,5,22,March-2024,125.9,0.0,25.45,-7.93,60
36,71,3,11,39,May-2024,135.28,0.0,16.2,-9.07,55
36,72,1,4,25,June-2024,496.14,496.14,197.84,77.21,69
37,73,3,12,4,May-2024,67.88,67.88,18.92,4.87,63
37,74,1,4,54,October-2024,436.36,0.0,108.67,25.8,62
38,75,1,4,41,November-2024,373.04,0.0,45.37,-39.03,56
38,76,2,5,21,December-2024,188.8,188.8,82.34,44.68,71
39,77,1,3,46,July-2024,239.72,0.0,12.2,-21.08,52
39,78,1,2,60,January-2024,492.99,0.0,109.6,-23.79,61
40,79,1,2,37,October-2024,354.86,0.0,45.87,-30.73,56
40,80,1,1,31,June-2024,350.75,0.0,46.55,-11.26,56
41,81,1,4,32,November-2024,86.74,0.0,5.49,-10.11,53
41,82,1,1,41,October-2024,76.35,76.35,16.56,7.33,60
42,83,1,4,22,June-2024,299.31,0.0,23.19,-60.51,53
42,84,1,4,32,May-2024,349.43,0.0,46.32,-21.13,56
43,85,3,10,50,July-2024,450.14,450.14,252.92,136.06,78
43,86,2,8,40,August-2024,119.17,0.0,12.21,-20.35,55
44,87,1,3,11,December-2024,365.84,0.0,63.46,16.84,58
44,88,2,5,21,May-2024,161.8,0.0,25.74,-14.0,57
45,89,1,4,36,January-2024,83.94,0.0,15.76,0.22,59
45,90,3,11,20,April-2024,34.15,0.0,6.44,-1.09,59
46,91,3,9,1,March-2024,376.12,376.12,151.96,76.3,70
46,92,1,4,52,January-2024,453.2,453.2,166.0,75.03,68
47,93,1,4,36,March-2024,223.27,0.0,43.14,12.7,59
47,94,1,1,60,June-2024,416.74,416.74,288.78,187.89,84
48,95,1,4,13,November-2024,410.45,0.0,20.53,-81.17,52
48,96,2,8,33,March-2024,431.7,0.0,35.64,-60.33,54
49,97,2,8,57,March-2024,46.39,0.0,3.99,-2.87,54
49,98,1,4,21,September-2024,493.6,0.0,100.29,-23.19,60
50,99,1,2,37,November-2024,73.98,0.0,3.88,-11.87,52
50,100,1,4,25,July-2024,47.26,0.0,9.18,1.5,59
51,101,2,6,29,March-2024,378.03,0.0,92.92,-5.6,62
51,102,1,3,34,June-2024,363.14,0.0,83.38,17.84,61
52,103,1,1,56,May-2024,405.06,0.0,97.73,42.91,62
52,104,1,1,17,August-2024,129.92,0.0,19.79,-1.28,57
53,105,1,3,31,February-2024,223.22,0.0,39.29,1.25,58
53,106,1,4,33,June-2024,126.13,0.0,9.63,-17.56,53
54,107,1,3,54,September-2024,197.91,0.0,20.81,-26.81,55
54,108,1,1,53,September-2024,251.46,0.0,42.66,-16.89,58
55,109,2,5,48,April-2024,23.95,0.0,2.7,-3.61,55
55,110,1,1,5,May-2024,196.09,0.0,22.81,-27.82,55
56,111,1,3,7,October-2024,463.52,0.0,76.06,-26.09,58
56,112,1,2,24,February-2024,124.8,0.0,23.28,-8.54,59
57,113,3,10,37,June-2024,190.53,0.0,26.04,-7.42,56
57,114,4,15,34,October-2024,86.65,0.0,20.32,0.98,61
58,115,2,6,10,September-2024,384.31,0.0,73.96,19.04,59
58,116,4,13,30,June-2024,237.88,0.0,45.93,-7.44,59
59,117,2,8,32,October-2024,408.35,0.0,26.88,-86.9,53
59,118,1,1,18,February-2024,169.69,0.0,32.0,9.85,59
60,119,3,10,50,October-2024,227.41,0.0,33.95,-4.33,57
60,120,3,10,26,February-2024,18.44,0.0,2.61,-1.86,57
61,121,1,2,20,July-2024,263.23,0.0,17.35,-51.88,53
61,122,3,9,36,July-2024,218.42,218.42,67.0,32.44,65
62,123,1,4,30,October-2024,402.76,0.0,88.66,3.95,61
62,124,4,16,45,January-2024,338.92,0.0,65.61,-25.45,59
63,125,1,4,14,November-2024,373.41,0.0,42.16,-2.82,55
63,126,1,1,55,June-2024,232.18,232.18,102.04,37.2,71
64,127,1,1,36,July-2024,213.55,213.55,222.34,176.04,102
64,128,1,2,60,November-2024,392.88,0.0,69.55,15.99,58
65,129,1,2,37,November-2024,288.89,288.89,243.85,188.28,92
65,130,1,1,45,December-2024,119.12,0.0,28.88,13.41,62
66,131,1,1,17,September-2024,416.15,0.0,50.95,-31.66,56
66,132,4,14,13,May-2024,218.28,0.0,19.99,-38.02,54
67,133,1,2,37,March-2024,336.69,0.0,40.92,-39.1,56
67,134,1,4,21,March-2024,129.32,0.0,8.77,-21.57,53
68,135,1,4,45,May-2024,332.88,0.0,17.76,-49.29,52
68,136,1,1,22,March-2024,274.88,0.0,58.47,-13.06,60
69,137,1,3,10,July-2024,380.48,0.0,60.52,-41.52,57
69,138,3,10,60,August-2024,18.04,0.0,2.06,-1.75,55
70,139,2,8,53,March-2024,67.3,67.3,60.95,46.98,95
70,140,1,4,2,June-2024,321.25,0.0,36.91,-3.43,55
71,141,1,1,3,February-2024,330.66,0.0,37.09,-20.29,55
71,142,1,2,25,October-2024,244.0,244.0,51.89,-1.06,60
72,143,2,5,55,August-2024,160.8,0.0,14.63,-14.18,54
72,144,3,10,32,August-2024,120.38,0.0,24.3,-9.05,60
73,145,3,11,34,July-2024,159.16,0.0,34.33,0.48,60
73,146,1,2,18,November-2024,41.66,0.0,7.56,2.36,59
74,147,1,2,14,July-2024,131.41,0.0,17.13,-17.73,56
74,148,1,1,32,February-2024,486.72,486.72,336.8,232.68,84
75,149,3,11,4,February-2024,61.2,0.0,5.65,-5.27,54
75,150,1,1,27,September-2024,253.93,0.0,21.42,-31.07,54
76,151,1,1,44,June-2024,18.73,0.0,1.7,-3.09,54
76,152,1,4,25,October-2024,188.77,0.0,46.37,0.01,62
77,153,1,4,29,September-2024,123.5,123.5,38.61,7.39,65
77,154,2,6,51,December-2024,231.69,0.0,56.5,10.74,62
78,155,1,1,51,October-2024,188.29,0.0,11.73,-23.19,53
78,156,1,1,60,July-2024,452.83,0.0,99.31,-19.24,60
79,157,1,4,29,June-2024,146.1,0.0,24.81,-8.06,58
79,158,3,11,17,May-2024,173.15,0.0,22.12,-17.3,56
80,159,4,15,48,January-2024,344.27,0.0,58.39,-6.88,58
80,160,3,10,54,August-2024,190.86,0.0,42.02,-0.58,61
81,161,3,10,9,March-2024,410.72,0.0,55.42,4.86,56
81,162,2,6,48,February-2024,407.19,0.0,78.31,6.38,59
82,163,1,2,19,January-2024,95.07,95.07,102.91,81.49,104
82,164,1,4,45,May-2024,138.15,138.15,44.97,7.99,66
83,165,1,3,13,July-2024,103.73,0.0,12.77,-9.41,56
83,166,3,12,56,August-2024,220.82,0.0,36.81,-1.5,58
84,167,1,3,24,May-2024,422.81,0.0,38.52,-29.87,54
84,168,3,11,58,November-2024,176.24,0.0,39.86,2.85,61
85,169,2,6,10,August-2024,267.54,0.0,48.72,8.04,59
85,170,1,4,34,December-2024,160.36,0.0,19.52,-21.96,56
86,171,3,9,57,February-2024,131.63,0.0,25.57,-2.7,59
86,172,1,2,22,August-2024,229.11,0.0,22.58,-24.73,54
87,173,2,5,49,January-2024,423.82,0.0,96.68,9.97,61
87,174,2,8,13,November-2024,84.01,0.0,6.1,-10.92,53
88,175,1,1,46,December-2024,322.23,0.0,66.6,-7.57,60
88,176,3,9,49,February-2024,171.86,171.86,116.78,77.44,83
89,177,1,4,31,April-2024,47.06,47.06,31.58,20.51,83
89,178,2,7,13,November-2024,177.36,0.0,37.12,-1.48,60
90,179,1,2,26,February-2024,166.26,0.0,39.44,13.94,61
90,180,1,3,56,February-2024,410.72,0.0,42.38,-17.84,55
91,181,1,2,5,August-2024,419.91,419.91,344.25,251.57,90
91,182,1,4,24,August-2024,389.7,389.7,149.33,101.79,69
92,183,1,3,50,March-2024,406.47,0.0,91.72,-6.62,61
92,184,1,1,26,August-2024,215.92,215.92,76.18,33.35,67
93,185,4,16,36,July-2024,211.1,211.1,57.78,6.38,63
93,186,1,2,56,August-2024,462.58,0.0,45.33,-65.37,54
94,187,4,14,9,January-2024,58.66,0.0,11.84,-0.98,60
94,188,1,3,60,April-2024,151.65,0.0,33.11,-2.67,60
95,189,1,3,31,March-2024,357.46,357.46,50.4,-31.1,57
95,190,1,1,14,September-2024,478.45,0.0,40.45,-20.83,54
96,191,1,2,29,March-2024,383.77,383.77,350.29,246.63,95
96,192,1,1,38,September-2024,106.02,0.0,23.94,6.04,61
97,193,1,4,55,April-2024,14.91,0.0,1.62,-2.11,55
97,194,1,1,32,August-2024,400.08,0.0,88.94,33.75,61
98,195,1,1,40,September-2024,169.92,169.92,69.88,35.49,70
98,196,1,3,39,October-2024,92.44,0.0,6.44,-17.68,53
99,197,1,3,19,February-2024,291.7,291.7,176.06,124.57,80
99,198,2,6,6,May-2024,475.86,0.0,100.23,40.51,60
100,199,3,12,54,June-2024,186.89,0.0,45.69,3.27,62
100,200,3,11,16,January-2024,142.1,0.0,35.29,4.8,62
101,201,3,10,35,March-2024,186.14,0.0,35.49,-12.63,59
101,202,1,4,40,May-2024,186.83,0.0,28.44,1.12,57
102,203,3,11,50,December-2024,66.63,0.0,13.52,0.21,60
102,204,4,14,44,November-2024,356.24,0.0,26.68,-61.71,53
103,205,2,7,57,November-2024,139.67,0.0,30.15,-8.61,60
103,206,4,15,52,August-2024,460.11,0.0,95.27,22.49,60
104,207,1,2,26,January-2024,287.85,0.0,53.31,9.11,59
104,208,1,1,5,January-2024,195.78,0.0,18.57,-32.79,54
105,209,1,2,17,August-2024,229.95,0.0,50.11,-4.67,60
105,210,1,2,39,November-2024,63.97,0.0,10.54,-0.54,58
106,211,1,3,41,April-2024,416.72,416.72,149.4,93.33,67
106,212,1,3,16,June-2024,214.43,214.43,213.58,180.2,99
107,213,1,4,51,September-2024,63.62,0.0,9.8,-0.2,57
107,214,1,3,19,February-2024,57.93,0.0,4.79,-3.67,54
108,215,4,16,38,March-2024,189.5,0.0,33.28,0.39,58
108,216,1,3,40,August-2024,51.87,0.0,8.95,-4.97,58
109,217,3,12,59,May-2024,342.07,0.0,59.26,-12.06,58
109,218,1,4,56,February-2024,367.06,367.06,81.5,13.72,61
110,219,1,1,20,January-2024,136.45,0.0,9.34,-27.84,53
110,220,3,11,5,January-2024,483.41,0.0,85.45,-4.82,58
111,221,3,9,39,March-2024,443.54,0.0,67.79,-52.5,57
111,222,1,3,13,November-2024,472.53,0.0,48.94,-42.32,55
112,223,1,3,30,November-2024,69.9,0.0,8.77,-2.8,56
112,224,1,2,14,April-2024,111.09,0.0,19.69,-5.51,58
113,225,3,12,16,October-2024,335.69,335.69,303.11,241.94,95
113,226,1,3,37,April-2024,196.53,0.0,14.85,-32.52,53
114,227,2,8,47,November-2024,427.52,0.0,97.36,23.3,61
114,228,3,11,56,May-2024,437.84,0.0,96.65,36.76,61
115,229,1,2,54,September-2024,383.53,0.0,38.84,-44.35,55
115,230,1,2,10,October-2024,499.3,0.0,116.74,-21.37,61
116,231,3,11,9,October-2024,268.8,0.0,30.98,-26.65,55
116,232,3,9,52,May-2024,217.14,0.0,14.45,-40.28,53
117,233,1,2,26,October-2024,353.83,0.0,53.69,-21.91,57
117,234,1,1,7,December-2024,424.3,0.0,42.99,-26.36,55
118,235,3,9,42,August-2024,142.46,0.0,23.76,-10.1,58
118,236,1,2,44,March-2024,348.6,0.0,27.25,-31.02,53
119,237,2,8,32,May-2024,373.99,0.0,67.97,-22.6,59
119,238,2,8,25,May-2024,272.41,272.41,70.94,16.92,63
120,239,1,4,21,August-2024,402.36,0.0,99.92,7.93,62
120,240,2,6,24,October-2024,249.34,0.0,54.19,7.84,60
121,241,1,3,10,May-2024,381.94,0.0,38.74,-7.21,55
121,242,3,12,4,May-2024,47.49,0.0,10.1,1.93,60
122,243,4,16,34,December-2024,399.63,0.0,44.04,-23.43,55
122,244,2,7,23,August-2024,282.93,282.93,283.15,212.94,100
123,245,1,1,59,May-2024,170.5,0.0,19.08,-3.24,55
123,246,1,4,26,March-2024,270.01,0.0,53.42,14.1,59
124,247,3,10,7,September-2024,307.11,0.0,58.55,-3.44,59
124,248,2,7,54,May-2024,432.3,0.0,67.8,-39.22,57
125,249,1,4,48,September-2024,249.1,0.0,31.33,-33.02,56
125,250,1,2,30,May-2024,401.54,0.0,69.1,-36.59,58
126,251,2,8,12,September-2024,440.32,0.0,43.0,-15.63,54
126,252,1,1,55,October-2024,254.2,0.0,27.64,-5.97,55
127,253,4,16,17,December-2024,447.04,0.0,31.11,-78.1,53
127,254,1,4,21,June-2024,397.67,0.0,68.35,-39.72,58
128,255,1,1,10,April-2024,250.14,0.0,25.55,-13.22,55
128,256,2,6,42,March-2024,100.72,0.0,14.86,-5.02,57
129,257,1,2,22,December-2024,357.37,0.0,71.36,-28.5,59
129,258,2,5,24,March-2024,424.99,0.0,31.62,-44.0,53
130,259,2,8,39,February-2024,372.2,372.2,77.77,23.39,60
130,260,1,3,10,January-2024,338.99,0.0,28.08,-29.81,54
131,261,2,8,6,November-2024,317.15,0.0,61.31,-19.97,59
131,262,1,2,7,February-2024,59.97,59.97,14.1,4.88,61
132,263,1,1,26,March-2024,101.98,0.0,8.89,-11.09,54
132,264,4,16,14,August-2024,417.82,0.0,40.08,-67.88,54
133,265,3,11,34,May-2024,71.79,0.0,16.71,7.59,61
133,266,3,12,54,June-2024,431.45,0.0,100.44,7.3,61
134,267,1,2,14,November-2024,15.85,0.0,1.48,-1.63,54
134,268,2,5,36,March-2024,70.71,0.0,4.27,-9.08,53
135,269,1,2,24,October-2024,328.26,0.0,31.82,-55.74,54
135,270,2,8,35,August-2024,46.51,0.0,7.51,-2.74,58
136,271,2,5,35,June-2024,106.7,0.0,25.35,8.97,61
136,272,1,3,11,September-2024,398.56,0.0,32.63,-78.47,54
137,273,3,9,59,November-2024,163.45,0.0,19.34,-14.12,55
137,274,1,1,43,September-2024,472.23,0.0,67.06,-16.53,57
138,275,3,10,34,July-2024,23.44,0.0,5.36,-0.4,61
138,276,1,1,36,March-2024,465.94,465.94,134.3,8.0,64
139,277,4,16,28,May-2024,262.57,0.0,62.89,9.22,61
139,278,1,2,50,June-2024,443.28,0.0,93.1,-14.77,60
140,279,1,3,26,December-2024,213.89,213.89,213.17,157.42,99
140,280,3,10,7,September-2024,124.13,0.0,7.72,-17.57,53
141,281,1,4,17,December-2024,117.91,117.91,39.03,14.24,66
141,282,1,2,32,November-2024,251.52,0.0,41.67,-27.68,58
142,283,1,1,59,February-2024,57.79,57.79,19.15,11.35,66
142,284,1,2,29,October-2024,32.09,0.0,7.46,-0.49,61
143,285,1,2,4,February-2024,221.48,0.0,38.55,5.55,58
143,286,3,9,25,September-2024,418.89,0.0,62.58,-47.26,57
144,287,2,5,47,November-2024,68.63,0.0,6.66,-3.06,54
144,288,2,8,45,April-2024,243.58,0.0,12.28,-26.9,52
145,289,1,4,17,November-2024,489.47,0.0,88.89,-15.91,59
145,290,1,1,53,April-2024,170.05,0.0,38.88,9.79,61
146,291,1,2,24,April-2024,498.07,498.07,438.49,314.11,94
146,292,4,14,1,August-2024,461.4,0.0,40.38,-56.61,54
147,293,1,3,16,August-2024,367.38,0.0,70.7,-18.57,59
147,294,3,11,23,January-2024,21.78,0.0,1.64,-1.02,53
148,295,1,3,20,November-2024,244.59,0.0,52.77,-10.69,60
148,296,1,4,27,March-2024,34.02,0.0,8.12,3.03,61
149,297,3,12,52,April-2024,133.44,133.44,87.24,65.31,82
149,298,1,2,26,January-2024,187.03,187.03,45.09,-2.13,62
150,299,1,2,39,February-2024,227.31,0.0,50.73,1.16,61
150,300,3,10,23,August-2024,53.7,0.0,10.0,-4.74,59
151,301,3,11,2,July-2024,192.7,192.7,156.37,126.31,90
151,302,1,1,28,November-2024,175.72,0.0,15.56,-9.29,54
152,303,1,2,53,November-2024,403.94,0.0,38.57,-52.41,54
152,304,2,5,30,March-2024,348.48,0.0,72.93,3.35,60
153,305,1,4,59,August-2024,89.46,89.46,44.94,29.83,75
153,306,1,3,17,December-2024,300.92,0.0,45.3,-31.21,57
154,307,1,3,56,August-2024,335.5,335.5,97.79,56.01,64
154,308,2,8,39,March-2024,143.21,0.0,10.56,-9.73,53
155,309,3,9,59,September-2024,234.2,0.0,28.84,-22.48,56
155,310,4,14,43,October-2024,455.65,0.0,108.67,22.52,61
156,311,1,3,10,May-2024,426.86,0.0,105.41,50.78,62
156,312,2,5,49,September-2024,423.07,0.0,93.2,3.92,61
157,313,1,2,31,November-2024,336.38,336.38,241.89,156.53,85
157,314,1,3,55,May-2024,32.19,0.0,2.76,-5.04,54
158,315,1,2,28,March-2024,72.13,0.0,7.8,-8.05,55
158,316,3,11,13,October-2024,206.14,0.0,51.52,12.25,62
159,317,1,4,8,June-2024,420.92,0.0,70.12,-35.25,58
159,318,1,4,49,April-2024,293.89,0.0,23.12,-54.75,53
160,319,1,2,51,October-2024,67.22,0.0,4.51,-13.6,53
160,320,1,3,18,June-2024,334.17,0.0,47.69,-19.5,57
161,321,1,2,2,January-2024,230.64,0.0,16.46,-26.19,53
161,322,1,2,45,January-2024,481.73,0.0,113.81,-11.77,61
162,323,1,3,60,May-2024,168.65,168.65,49.41,27.75,64
162,324,1,2,27,March-2024,368.96,0.0,40.35,-5.16,55
163,325,1,1,2,February-2024,175.75,0.0,25.19,-6.86,57
163,326,4,16,9,February-2024,392.37,0.0,71.83,16.81,59
164,327,1,4,36,August-2024,290.17,0.0,37.08,-13.5,56
164,328,3,9,16,January-2024,433.04,433.04,131.43,53.98,65
165,329,3,10,44,January-2024,407.37,407.37,262.5,149.55,82
165,330,1,2,3,September-2024,94.51,0.0,8.8,-15.55,54
166,331,4,15,32,April-2024,305.55,0.0,36.59,-42.17,55
166,332,3,12,5,August-2024,135.46,0.0,22.64,-13.8,58
167,333,1,2,31,May-2024,472.97,0.0,117.65,42.98,62
167,334,1,1,40,November-2024,96.21,0.0,21.31,2.82,61
168,335,1,3,2,December-2024,245.38,0.0,52.37,19.35,60
168,336,1,1,50,June-2024,379.57,379.57,115.94,37.18,65
169,337,1,4,40,April-2024,97.15,0.0,14.63,-10.49,57
169,338,1,2,40,March-2024,11.85,11.85,6.58,3.53,77
170,339,1,1,16,October-2024,350.19,350.19,65.52,17.49,59
170,340,4,13,38,September-2024,275.78,275.78,187.09,118.48,83
171,341,1,1,4,August-2024,50.23,0.0,4.11,-5.19,54
171,342,2,7,14,February-2024,198.54,0.0,48.53,14.22,62
172,343,3,9,48,September-2024,283.24,0.0,19.45,-41.54,53
172,344,3,11,20,December-2024,269.65,269.65,108.97,36.31,70
173,345,1,1,51,December-2024,129.38,129.38,111.37,77.82,93
173,346,3,12,3,March-2024,48.87,0.0,3.29,-3.78,53
174,347,1,4,41,January-2024,87.39,87.39,34.88,21.14,69
174,348,2,7,46,August-2024,354.45,0.0,43.45,-20.84,56
175,349,3,10,37,March-2024,248.83,0.0,45.95,-6.09,59
175,350,3,10,32,March-2024,48.84,0.0,9.05,1.94,59
176,351,1,4,29,July-2024,396.34,0.0,65.46,-2.77,58
176,352,3,10,21,December-2024,429.9,429.9,107.4,32.65,62
177,353,3,11,4,April-2024,148.03,0.0,27.31,-2.16,59
177,354,1,2,5,February-2024,19.89,0.0,4.22,0.46,60
178,355,2,7,28,June-2024,404.19,404.19,101.99,34.29,62
178,356,1,3,2,January-2024,462.35,0.0,106.28,-19.64,61
179,357,2,7,47,June-2024,191.32,191.32,86.83,57.56,72
179,358,1,3,4,December-2024,191.0,191.0,187.0,157.19,98
180,359,3,9,6,May-2024,360.76,360.76,296.88,200.17,91
180,360,1,2,46,August-2024,476.27,0.0,38.92,-89.2,54
181,361,1,1,54,May-2024,114.41,114.41,62.25,45.61,77
181,362,1,2,40,July-2024,441.76,0.0,60.7,-24.25,56
182,363,3,10,5,July-2024,88.05,0.0,17.53,5.19,59
182,364,1,2,11,February-2024,173.97,0.0,40.41,6.12,61
183,365,3,9,54,October-2024,488.17,0.0,72.54,-36.34,57
183,366,1,3,4,June-2024,416.72,0.0,21.83,-81.83,52
184,367,3,10,40,March-2024,375.72,375.72,158.79,57.21,71
184,368,1,2,56,December-2024,482.42,0.0,52.51,-63.8,55
185,369,3,9,55,July-2024,490.77,0.0,28.78,-77.02,52
185,370,1,3,1,June-2024,256.19,0.0,26.17,-45.05,55
186,371,1,1,43,January-2024,161.71,0.0,17.43,-13.62,55
186,372,3,12,34,April-2024,392.38,392.38,195.64,124.98,74
187,373,1,1,25,November-2024,254.51,0.0,37.27,-18.41,57
187,374,1,2,23,November-2024,282.61,0.0,66.52,30.8,61
188,375,1,1,57,September-2024,93.5,0.0,8.21,-15.73,54
188,376,1,2,60,April-2024,369.72,0.0,64.51,-33.84,58
189,377,3,12,45,February-2024,376.87,0.0,24.05,-46.99,53
189,378,3,10,27,June-2024,41.75,41.75,6.03,-1.3,57
190,379,1,2,5,October-2024,133.51,0.0,12.94,-21.97,54
190,380,3,11,43,February-2024,335.99,0.0,41.7,-48.45,56
191,381,1,2,37,November-2024,15.2,0.0,3.11,-0.27,60
191,382,1,3,7,May-2024,466.62,0.0,53.0,-63.6,55
192,383,1,2,28,November-2024,69.53,0.0,3.54,-8.67,52
192,384,1,3,1,November-2024,417.54,0.0,82.78,18.4,59
193,385,3,12,7,January-2024,281.26,0.0,40.24,-37.42,57
193,386,3,11,39,July-2024,246.29,246.29,162.07,104.78,82
194,387,3,12,14,January-2024,96.67,96.67,92.81,68.25,98
194,388,4,16,48,June-2024,300.02,0.0,46.88,-13.69,57
195,389,2,5,58,June-2024,272.02,0.0,42.29,-22.92,57
195,390,1,4,30,April-2024,387.48,0.0,95.79,9.31,62
196,391,2,8,50,November-2024,425.21,0.0,57.59,-15.25,56
196,392,1,2,1,October-2024,208.45,0.0,33.85,-3.61,58
197,393,1,1,46,December-2024,250.54,0.0,35.02,-17.7,56
197,394,3,12,40,December-2024,205.13,0.0,30.08,1.1,57
198,395,3,12,28,October-2024,315.15,0.0,34.19,-11.8,55
198,396,1,4,13,May-2024,290.54,0.0,52.18,14.63,58
199,397,3,12,60,August-2024,36.63,0.0,3.39,-4.11,54
199,398,3,12,59,October-2024,313.23,0.0,36.12,-27.28,55
200,399,1,2,56,September-2024,141.43,0.0,34.78,-2.25,62
200,400,3,10,49,August-2024,410.44,0.0,47.43,-54.81,55
201,401,4,15,16,July-2024,323.46,0.0,49.97,-22.01,57
201,402,4,14,54,March-2024,380.67,0.0,88.12,13.13,61
202,403,1,3,18,September-2024,271.5,0.0,55.0,12.32,60
202,404,1,4,41,September-2024,315.67,0.0,22.54,-42.11,53
203,405,3,11,34,September-2024,412.5,0.0,91.45,-21.64,61
203,406,1,1,21,October-2024,233.17,0.0,43.12,-19.36,59
204,407,3,11,14,October-2024,67.95,0.0,6.95,-2.38,55
204,408,2,7,21,November-2024,98.18,98.18,25.27,-0.7,62
205,409,1,3,24,May-2024,178.79,0.0,41.32,15.32,61
205,410,1,1,6,December-2024,191.2,0.0,25.34,0.22,56
206,411,3,12,14,March-2024,280.9,0.0,50.14,-11.29,58
206,412,3,9,7,August-2024,321.2,0.0,45.88,-1.46,57
207,413,1,4,18,January-2024,359.46,0.0,82.66,38.36,61
207,414,1,3,31,October-2024,219.63,0.0,42.78,-9.16,59
208,415,3,10,17,October-2024,81.25,0.0,19.68,5.14,62
208,416,1,4,24,April-2024,238.08,238.08,207.57,154.6,93
209,417,3,12,52,September-2024,305.34,0.0,34.7,-41.1,55
209,418,1,1,55,January-2024,82.87,0.0,18.19,3.59,60
210,419,2,7,25,January-2024,77.08,0.0,9.5,-9.8,56
210,420,3,12,6,February-2024,221.03,0.0,35.93,0.72,58
211,421,3,10,36,February-2024,484.68,0.0,45.68,-61.43,54
211,422,1,2,51,May-2024,379.53,0.0,40.88,-53.67,55
212,423,1,2,49,August-2024,312.51,0.0,65.03,22.11,60
212,424,1,4,34,November-2024,13.84,0.0,1.13,-1.78,54
213,425,1,2,46,April-2024,289.3,0.0,31.19,-33.97,55
213,426,1,3,59,January-2024,136.67,0.0,18.52,-5.06,56
214,427,3,11,3,April-2024,220.08,0.0,28.06,-25.84,56
214,428,1,4,2,December-2024,243.55,243.55,165.37,130.15,83
215,429,1,4,13,December-2024,497.83,497.83,286.21,164.98,78
215,430,3,11,35,January-2024,31.15,0.0,4.82,-1.87,57
216,431,1,4,60,February-2024,254.99,254.99,61.37,27.88,62
216,432,1,1,54,April-2024,11.56,11.56,11.81,9.58,101
217,433,1,1,57,December-2024,268.43,0.0,60.91,-3.53,61
217,434,2,6,44,February-2024,291.25,0.0,42.79,-21.01,57
218,435,3,10,11,August-2024,88.22,0.0,13.75,-2.65,57
218,436,1,2,9,September-2024,256.75,256.75,218.95,163.86,92
219,437,2,6,8,April-2024,59.42,0.0,8.5,-6.23,57
219,438,1,2,57,November-2024,270.27,270.27,94.73,41.72,67
220,439,1,1,58,October-2024,270.05,0.0,19.2,-31.19,53
220,440,1,2,59,October-2024,214.07,0.0,44.73,3.72,60
221,441,1,1,46,January-2024,99.57,0.0,8.35,-8.53,54
221,442,3,11,41,January-2024,213.36,213.36,108.63,80.15,75
222,443,1,2,29,November-2024,21.91,21.91,6.37,0.34,64
222,444,3,9,48,August-2024,324.78,0.0,55.81,-17.04,58
223,445,1,2,7,January-2024,496.55,496.55,218.86,121.88,72
223,446,2,6,54,December-2024,225.41,225.41,150.29,123.18,83
224,447,2,8,17,April-2024,199.97,0.0,28.47,2.46,57
224,448,1,3,23,December-2024,64.49,0.0,4.93,-9.31,53
225,449,1,2,59,February-2024,76.08,0.0,15.71,1.94,60
225,450,1,3,9,July-2024,16.64,16.64,6.78,3.33,70
226,451,2,5,21,June-2024,352.01,0.0,24.2,-47.7,53
226,452,3,9,40,August-2024,157.34,157.34,35.45,-3.23,61
227,453,2,5,18,January-2024,36.87,0.0,2.15,-5.22,52
227,454,1,3,29,March-2024,21.5,0.0,1.51,-4.23,53
228,455,2,6,54,December-2024,338.75,0.0,25.91,-21.07,53
228,456,1,3,12,October-2024,185.49,0.0,23.96,-22.9,56
229,457,3,9,42,December-2024,491.65,0.0,28.7,-37.83,52
229,458,1,4,11,February-2024,162.96,0.0,9.31,-34.3,52
230,459,1,1,5,September-2024,123.59,123.59,85.44,55.55,84
230,460,3,11,52,October-2024,212.17,0.0,49.17,-1.21,61
231,461,1,2,28,May-2024,306.39,306.39,233.63,187.26,88
231,462,1,4,16,July-2024,336.34,0.0,65.67,19.29,59
232,463,1,1,56,September-2024,242.54,0.0,56.56,10.52,61
232,464,3,12,12,January-2024,432.48,0.0,99.56,-10.68,61
233,465,1,4,4,October-2024,340.64,0.0,74.18,27.31,60
233,466,3,10,37,July-2024,107.16,0.0,11.89,-2.37,55
234,467,1,1,56,March-2024,229.24,0.0,21.98,-12.11,54
234,468,3,12,3,October-2024,55.67,0.0,11.06,1.15,59
235,469,1,1,42,October-2024,96.31,0.0,12.16,-11.31,56
235,470,3,11,4,July-2024,212.81,0.0,50.52,7.72,61
236,471,4,13,1,February-2024,149.38,0.0,11.1,-17.49,53
236,472,1,1,35,August-2024,353.55,353.55,215.06,169.08,80
237,473,1,3,12,March-2024,303.76,303.76,146.05,108.64,74
237,474,1,1,48,May-2024,44.18,0.0,9.39,2.3,60
238,475,3,12,59,June-2024,34.37,0.0,7.13,-0.27,60
238,476,2,7,42,March-2024,498.18,498.18,469.22,383.39,97
239,477,1,3,30,March-2024,390.1,0.0,74.6,-29.86,59
239,478,4,15,19,September-2024,458.44,0.0,105.54,44.39,61
240,479,3,11,31,June-2024,73.44,0.0,13.42,-4.71,59
240,480,3,12,37,September-2024,396.71,0.0,85.99,21.67,60
241,481,1,3,29,June-2024,317.63,0.0,19.08,-54.37,53
241,482,1,4,41,January-2024,95.13,0.0,16.51,-9.68,58
242,483,1,3,31,March-2024,73.05,0.0,18.01,7.25,62
242,484,4,13,42,November-2024,434.65,434.65,291.58,172.08,83
243,485,1,1,44,April-2024,290.76,0.0,59.16,4.78,60
243,486,3,10,18,February-2024,181.64,0.0,44.13,17.12,62
244,487,3,10,5,May-2024,239.03,0.0,43.48,-9.27,59
244,488,2,8,59,February-2024,309.07,0.0,46.56,-15.14,57
245,489,3,11,10,March-2024,313.49,0.0,68.58,-17.28,60
245,490,1,2,43,February-2024,59.37,0.0,3.0,-4.28,52
246,491,1,1,41,November-2024,138.66,0.0,26.07,-4.23,59
246,492,1,3,47,April-2024,38.54,38.54,18.15,12.72,73
247,493,2,7,60,August-2024,466.99,0.0,33.24,-61.95,53
247,494,3,11,10,August-2024,438.03,0.0,59.16,-44.71,56
248,495,4,16,33,March-2024,253.06,0.0,26.83,-24.51,55
248,496,1,4,13,December-2024,463.06,463.06,202.36,133.61,71
249,497,3,10,18,January-2024,105.63,105.63,89.0,68.06,92
249,498,3,9,46,January-2024,405.18,0.0,60.7,-0.58,57
250,499,2,7,7,May-2024,205.89,205.89,156.83,130.68,88
250,500,2,5,54,April-2024,292.87,292.87,271.83,208.0,96
251,501,4,16,42,July-2024,186.95,0.0,10.52,-29.22,52
251,502,2,5,22,July-2024,389.29,0.0,51.96,-48.75,56
252,503,3,10,4,November-2024,311.97,0.0,26.49,-29.83,54
252,504,1,2,20,December-2024,19.99,19.99,4.84,1.94,62
253,505,3,11,8,November-2024,412.63,0.0,70.86,-7.32,58
253,506,4,16,7,February-2024,121.38,0.0,13.64,-12.77,55
254,507,1,2,36,May-2024,115.73,0.0,26.78,1.09,61
254,508,2,5,50,July-2024,454.36,0.0,94.69,4.34,60
255,509,1,4,48,June-2024,456.31,0.0,49.99,-77.61,55
255,510,1,4,2,June-2024,137.47,0.0,30.65,-7.57,61
256,511,1,1,39,December-2024,305.27,0.0,54.21,-23.88,58
256,512,3,11,44,July-2024,401.65,401.65,411.18,343.4,101
257,513,1,4,54,February-2024,138.72,0.0,16.48,-10.42,55
257,514,3,10,43,November-2024,228.91,0.0,22.67,-34.66,54
258,515,1,1,10,May-2024,12.71,0.0,1.78,-0.45,57
258,516,1,2,29,October-2024,454.86,0.0,37.96,-53.16,54
259,517,4,16,27,September-2024,243.66,0.0,22.51,-39.57,54
259,518,4,16,51,April-2024,47.81,0.0,11.08,1.79,61
260,519,4,16,50,March-2024,362.76,0.0,28.73,-60.25,53
260,520,1,2,30,July-2024,100.83,0.0,21.29,-3.19,60
261,521,1,4,47,December-2024,324.78,0.0,78.65,26.32,62
261,522,2,6,34,August-2024,243.54,0.0,38.2,-2.31,57
262,523,2,5,51,May-2024,398.21,0.0,88.5,-8.25,61
262,524,3,11,2,June-2024,218.85,0.0,53.87,3.5,62
263,525,3,9,15,April-2024,420.47,0.0,73.84,-20.19,58
263,526,1,4,46,January-2024,390.25,0.0,89.15,40.44,61
264,527,2,8,25,May-2024,417.75,0.0,33.86,-22.96,54
264,528,1,3,39,October-2024,37.52,0.0,3.63,-3.37,54
265,529,1,3,8,April-2024,425.21,0.0,46.25,-65.95,55
265,530,2,5,13,April-2024,291.32,0.0,46.85,-13.89,58
266,531,2,6,44,June-2024,489.59,0.0,37.84,-40.4,53
266,532,1,2,15,April-2024,142.86,142.86,67.69,34.02,73
267,533,1,1,35,March-2024,377.97,0.0,45.29,-25.3,55
267,534,1,4,44,September-2024,116.23,0.0,28.73,0.38,62
268,535,4,15,1,July-2024,229.03,0.0,38.87,-15.52,58
268,536,1,4,23,November-2024,225.73,0.0,48.12,-6.79,60
269,537,1,1,47,November-2024,497.19,0.0,61.51,-46.26,56
269,538,1,4,2,April-2024,170.49,0.0,13.6,-7.0,53
270,539,3,9,54,January-2024,99.43,0.0,21.7,-0.01,60
270,540,2,7,41,November-2024,230.2,0.0,16.71,-19.49,53
271,541,3,11,31,October-2024,393.48,0.0,56.4,-15.79,57
271,542,3,12,47,August-2024,67.9,0.0,4.45,-7.67,53
272,543,3,10,39,May-2024,196.79,0.0,28.8,4.93,57
272,544,1,4,52,February-2024,369.49,0.0,83.26,32.11,61
273,545,1,2,57,February-2024,306.38,0.0,37.14,-37.47,56
273,546,4,14,39,April-2024,354.63,0.0,62.89,-27.2,58
274,547,1,1,5,May-2024,255.26,0.0,16.29,-24.28,53
274,548,1,4,31,June-2024,49.55,0.0,4.07,-2.46,54
275,549,2,7,4,July-2024,419.28,0.0,66.7,-42.33,57
275,550,1,1,1,February-2024,264.25,0.0,31.07,-25.03,55
276,551,2,8,12,August-2024,245.01,0.0,30.69,-33.93,56
276,552,4,13,56,June-2024,26.41,0.0,5.97,1.26,61
277,553,1,2,20,October-2024,180.3,0.0,41.0,-4.3,61
277,554,2,6,56,March-2024,239.44,239.44,71.74,14.15,64
278,555,1,1,15,February-2024,187.82,0.0,13.93,-32.72,53
278,556,1,4,45,September-2024,315.15,0.0,18.18,-66.96,52
279,557,1,1,16,January-2024,170.41,170.41,74.01,30.95,71
279,558,3,12,16,May-2024,139.32,0.0,7.81,-21.8,52
280,559,1,1,44,March-2024,163.54,0.0,17.82,-2.2,55
280,560,3,10,11,January-2024,60.3,0.0,8.56,-0.85,57
281,561,1,3,21,October-2024,16.82,0.0,3.12,0.2,59
281,562,3,10,45,July-2024,83.33,0.0,8.98,-6.97,55
282,563,1,4,21,November-2024,110.21,0.0,19.36,-3.63,58
282,564,1,1,46,April-2024,13.18,0.0,2.05,-0.34,57
283,565,3,10,51,August-2024,169.59,0.0,40.17,-3.82,61
283,566,2,5,12,November-2024,153.38,0.0,20.47,-3.49,56
284,567,3,11,29,February-2024,265.57,0.0,18.61,-26.41,53
284,568,3,10,47,April-2024,439.56,0.0,87.61,2.6,59
285,569,1,3,27,September-2024,266.55,266.55,115.97,47.33,71
285,570,3,12,5,August-2024,469.17,469.17,397.67,276.47,92
286,571,1,4,54,May-2024,426.56,0.0,106.0,35.95,62
286,572,3,10,55,July-2024,416.42,0.0,91.66,-22.59,61
287,573,1,2,1,October-2024,248.9,0.0,48.35,6.86,59
287,574,3,10,36,July-2024,348.24,348.24,56.3,2.21,58
288,575,3,10,52,December-2024,355.18,0.0,65.37,-22.76,59
288,576,1,1,18,April-2024,376.4,0.0,47.54,-4.37,56
289,577,1,4,1,April-2024,87.68,87.68,27.95,10.33,65
289,578,3,10,38,December-2024,388.09,388.09,49.69,-48.65,56
290,579,1,2,3,July-2024,263.73,0.0,39.89,-23.24,57
290,580,2,6,25,March-2024,400.75,0.0,59.89,-33.64,57
291,581,1,4,47,December-2024,84.46,84.46,89.09,69.62,102
291,582,1,4,49,May-2024,350.07,0.0,59.17,-0.37,58
292,583,1,4,42,May-2024,328.95,0.0,73.82,15.62,61
292,584,3,9,9,September-2024,164.83,0.0,29.89,3.26,59
293,585,1,4,44,June-2024,278.09,0.0,57.87,11.47,60
293,586,3,10,48,October-2024,267.39,0.0,20.51,-33.32,53
294,587,3,12,42,November-2024,110.13,0.0,16.17,-11.56,57
294,588,4,16,9,October-2024,334.55,334.55,239.73,183.25,85
295,589,3,12,55,October-2024,95.16,0.0,13.48,-6.53,57
295,590,1,4,60,May-2024,283.94,0.0,45.04,2.47,57
296,591,3,10,31,January-2024,124.14,0.0,14.65,-13.99,55
296,592,1,2,36,March-2024,387.97,0.0,75.89,-28.88,59
297,593,1,3,46,May-2024,267.55,0.0,19.91,-12.6,53
297,594,1,1,1,February-2024,88.15,0.0,15.62,-3.58,58
298,595,1,3,51,August-2024,346.16,0.0,24.89,-62.6,53
298,596,1,2,6,May-2024,354.59,0.0,49.33,-11.47,56
299,597,1,3,8,November-2024,309.41,0.0,38.48,-26.66,56
299,598,1,1,7,December-2024,434.09,0.0,24.43,-51.72,52
300,599,2,6,54,March-2024,120.37,0.0,20.94,-0.83,58
300,600,3,12,42,July-2024,41.57,41.57,31.04,19.56,87
301,601,1,4,57,April-2024,334.63,0.0,56.52,-29.12,58
301,602,3,11,56,April-2024,162.75,0.0,15.85,-12.49,54
302,603,3,9,48,January-2024,27.57,0.0,6.49,-0.04,61
302,604,1,1,45,March-2024,351.09,0.0,19.84,-60.02,52
303,605,1,4,9,April-2024,480.69,0.0,86.94,-27.52,59
303,606,4,15,32,March-2024,27.48,0.0,4.64,-2.44,58
304,607,1,3,43,December-2024,448.24,0.0,100.08,19.81,61
304,608,1,1,31,August-2024,203.94,0.0,18.61,-33.36,54
305,609,1,3,16,April-2024,422.81,422.81,205.6,109.66,74
305,610,2,6,31,March-2024,118.93,0.0,8.46,-21.36,53
306,611,1,3,51,September-2024,306.46,306.46,91.04,38.99,64
306,612,1,1,28,January-2024,79.39,0.0,15.39,-0.35,59
307,613,2,8,58,December-2024,141.32,0.0,10.54,-29.03,53
307,614,3,12,56,June-2024,186.77,0.0,39.75,15.47,60
308,615,2,5,11,April-2024,38.74,0.0,2.88,-3.24,53
308,616,1,2,26,March-2024,488.99,0.0,60.13,-13.89,56
309,617,3,10,8,November-2024,64.92,0.0,14.82,-1.62,61
309,618,1,3,57,June-2024,452.77,0.0,38.61,-40.13,54
310,619,2,8,47,April-2024,334.32,0.0,45.38,-11.27,56
310,620,1,2,32,August-2024,273.59,0.0,43.95,-27.66,58
311,621,1,2,54,April-2024,445.25,0.0,28.49,-91.32,53
311,622,1,3,17,October-2024,340.08,0.0,39.02,-39.01,55
312,623,3,10,60,November-2024,364.07,0.0,33.91,-61.97,54
312,624,3,12,1,January-2024,175.19,0.0,26.75,-10.66,57
313,625,1,2,31,May-2024,317.78,317.78,95.03,10.43,64
313,626,4,15,17,March-2024,218.12,0.0,34.4,-18.69,57
314,627,1,1,17,August-2024,55.49,0.0,6.45,-1.62,55
314,628,1,3,10,May-2024,265.54,0.0,24.58,-25.32,54
315,629,1,1,24,February-2024,225.45,0.0,20.25,-34.89,54
315,630,1,2,6,January-2024,454.95,0.0,61.92,-48.52,56
316,631,1,3,32,October-2024,497.04,497.04,244.45,133.58,74
316,632,1,3,18,November-2024,25.47,0.0,1.99,-3.31,53
317,633,2,7,41,August-2024,228.35,0.0,35.78,-18.01,57
317,634,1,2,42,December-2024,459.41,0.0,74.27,7.88,58
318,635,1,3,27,June-2024,63.45,0.0,9.16,-1.81,57
318,636,1,2,36,November-2024,237.13,237.13,141.38,104.49,79
319,637,3,11,38,March-2024,38.4,38.4,18.94,11.63,74
319,638,1,2,1,December-2024,442.57,0.0,26.3,-68.58,52
320,639,2,5,55,July-2024,318.04,0.0,76.0,36.0,61
320,640,1,1,49,November-2024,173.45,0.0,21.7,-15.56,56
321,641,1,3,3,December-2024,286.57,0.0,67.82,27.54,61
321,642,1,1,32,December-2024,429.56,0.0,68.43,-49.5,57
322,643,3,12,19,May-2024,369.64,0.0,47.74,-16.11,56
322,644,1,1,56,July-2024,221.08,221.08,133.69,96.86,80
323,645,2,7,38,April-2024,326.88,0.0,35.02,-34.11,55
323,646,1,4,2,February-2024,183.46,0.0,12.82,-35.77,53
324,647,2,7,31,December-2024,494.28,0.0,56.33,-62.83,55
324,648,1,3,27,May-2024,159.54,159.54,154.91,121.93,98
325,649,1,4,48,December-2024,164.09,0.0,39.85,15.69,62
325,650,1,3,13,February-2024,360.84,360.84,158.69,66.72,71
326,651,2,8,60,December-2024,494.26,0.0,75.91,-14.49,57
326,652,1,2,10,April-2024,124.45,0.0,22.56,7.43,59
327,653,1,1,52,July-2024,350.63,350.63,89.06,4.9,62
327,654,2,5,28,June-2024,240.69,0.0,24.06,-13.71,54
328,655,1,1,5,March-2024,367.15,0.0,72.67,-3.69,59
328,656,1,2,48,July-2024,46.78,0.0,3.69,-6.86,53
329,657,1,1,2,April-2024,42.04,0.0,8.99,1.26,60
329,658,1,4,18,August-2024,236.02,0.0,44.62,13.96,59
330,659,3,11,5,October-2024,398.82,0.0,78.54,15.34,59
330,660,3,10,41,August-2024,260.81,260.81,106.09,53.28,70
331,661,1,4,3,September-2024,435.41,0.0,28.61,-70.33,53
331,662,1,1,1,May-2024,337.27,0.0,36.37,-21.44,55
332,663,3,10,49,April-2024,398.18,398.18,368.61,301.21,96
332,664,1,4,28,May-2024,474.52,0.0,26.54,-65.65,52
333,665,1,4,54,August-2024,138.53,0.0,28.61,-6.08,60
333,666,1,4,49,May-2024,286.35,0.0,56.59,0.75,59
334,667,2,6,15,July-2024,108.7,0.0,8.07,-20.43,53
334,668,3,12,6,June-2024,324.67,0.0,69.6,-8.23,60
335,669,1,3,27,February-2024,212.09,0.0,47.42,4.95,61
335,670,1,2,41,March-2024,124.59,0.0,16.23,-2.72,56
336,671,3,11,43,April-2024,392.67,0.0,89.19,28.14,61
336,672,1,2,5,April-2024,256.89,256.89,44.45,-15.39,58
337,673,1,3,30,June-2024,126.88,0.0,7.35,-17.15,52
337,674,1,1,44,September-2024,260.34,260.34,177.06,126.52,84
338,675,2,8,31,January-2024,44.77,0.0,9.52,1.25,60
338,676,1,3,35,June-2024,260.26,0.0,36.6,2.94,57
339,677,3,10,51,July-2024,287.99,0.0,15.74,-51.95,52
339,678,2,5,16,July-2024,263.28,0.0,35.68,2.21,56
340,679,2,5,20,January-2024,367.27,0.0,60.64,-23.03,58
340,680,1,4,53,March-2024,342.77,0.0,52.49,-8.44,57
341,681,1,2,18,January-2024,24.39,24.39,15.21,10.62,81
341,682,3,11,3,June-2024,285.07,0.0,38.25,-24.07,56
342,683,3,11,14,December-2024,72.8,72.8,22.56,9.79,65
342,684,1,2,52,May-2024,487.83,0.0,44.8,-43.83,54
343,685,1,1,22,November-2024,209.54,0.0,31.28,-22.89,57
343,686,3,9,19,November-2024,209.74,0.0,40.23,12.91,59
344,687,3,11,16,May-2024,300.9,0.0,31.42,-37.15,55
344,688,1,3,22,July-2024,418.81,418.81,234.04,170.68,77
345,689,1,2,18,April-2024,360.09,0.0,55.48,-17.39,57
345,690,1,3,29,July-2024,212.86,0.0,24.2,-28.17,55
346,691,1,3,3,February-2024,439.33,0.0,26.37,-26.73,53
346,692,1,4,10,January-2024,140.82,0.0,22.59,-9.77,58
347,693,4,15,59,July-2024,407.89,0.0,93.95,13.14,61
347,694,3,9,38,September-2024,364.41,0.0,64.29,-10.41,58
348,695,1,1,17,November-2024,418.68,0.0,31.13,-33.55,53
348,696,2,8,21,August-2024,224.15,0.0,37.29,-12.59,58
349,697,3,9,59,October-2024,17.44,0.0,1.16,-1.2,53
349,698,3,12,6,February-2024,425.5,0.0,70.27,4.21,58
350,699,1,3,23,October-2024,158.96,0.0,38.26,5.6,62
350,700,1,3,34,January-2024,470.83,0.0,35.65,-51.99,53
351,701,1,1,43,February-2024,82.75,0.0,5.75,-11.13,53
351,702,3,12,46,July-2024,203.2,0.0,29.07,-7.08,57
352,703,1,4,53,January-2024,290.4,0.0,57.76,18.15,59
352,704,1,3,29,August-2024,487.15,0.0,118.4,26.34,62
353,705,1,2,30,March-2024,404.21,0.0,75.48,6.32,59
353,706,1,4,22,October-2024,153.74,0.0,11.57,-10.11,53
354,707,1,4,50,November-2024,398.12,0.0,82.23,13.19,60
354,708,1,4,20,September-2024,192.63,0.0,29.6,-0.45,57
355,709,2,8,33,July-2024,194.81,0.0,13.92,-34.27,53
355,710,3,9,27,December-2024,263.59,0.0,59.17,13.33,61
356,711,3,12,8,April-2024,267.96,0.0,17.71,-55.09,53
356,712,3,11,14,October-2024,310.11,0.0,20.32,-21.03,53
357,713,2,7,18,May-2024,347.04,0.0,70.64,3.4,60
357,714,1,2,26,February-2024,225.37,225.37,108.8,61.23,74
358,715,3,11,14,March-2024,427.77,427.77,120.94,53.23,64
358,716,1,3,24,August-2024,433.12,0.0,83.44,-23.5,59
359,717,4,16,32,March-2024,35.78,0.0,6.63,-0.11,59
359,718,3,9,18,October-2024,331.65,0.0,68.55,10.46,60
360,719,1,3,38,November-2024,239.28,0.0,23.79,-23.75,54
360,720,3,12,35,September-2024,24.75,0.0,3.07,-0.27,56
361,721,3,10,29,July-2024,109.66,0.0,24.74,5.96,61
361,722,2,6,34,July-2024,478.42,0.0,83.82,0.57,58
362,723,3,12,34,March-2024,306.12,0.0,28.44,-13.67,54
362,724,1,1,21,May-2024,457.33,0.0,65.75,-45.27,57
363,725,3,9,17,March-2024,450.59,0.0,70.72,2.64,57
363,726,1,1,10,December-2024,234.44,234.44,145.38,97.18,81
364,727,1,3,36,February-2024,41.23,0.0,10.2,3.96,62
364,728,1,4,60,April-2024,36.86,0.0,3.57,-2.82,54
365,729,1,4,15,December-2024,13.57,0.0,1.23,-1.27,54
365,730,1,2,42,July-2024,475.32,0.0,68.77,-63.69,57
366,731,1,4,13,August-2024,245.35,0.0,53.76,-13.42,60
366,732,3,12,54,December-2024,304.31,0.0,35.04,-16.16,55
367,733,2,5,50,May-2024,159.2,0.0,17.38,-19.55,55
367,734,1,2,27,February-2024,207.6,0.0,39.81,-3.0,59
368,735,1,4,8,August-2024,123.89,0.0,18.96,-13.53,57
368,736,1,2,34,November-2024,106.96,0.0,10.0,-19.62,54
369,737,1,4,2,June-2024,308.92,0.0,26.38,-48.16,54
369,738,1,2,22,August-2024,155.5,0.0,35.94,4.59,61
370,739,1,4,3,January-2024,63.38,0.0,15.32,4.88,62
370,740,3,10,59,June-2024,433.38,433.38,155.36,40.96,67
371,741,3,10,2,June-2024,298.72,0.0,18.41,-54.22,53
371,742,2,6,39,November-2024,205.7,0.0,13.01,-21.89,53
372,743,3,11,18,January-2024,102.19,102.19,9.54,-8.92,54
372,744,3,10,30,November-2024,322.26,322.26,151.16,84.36,73
373,745,1,4,54,October-2024,488.27,0.0,65.02,-47.74,56
373,746,3,9,2,December-2024,120.84,0.0,19.64,-3.15,58
374,747,2,7,43,May-2024,135.68,0.0,12.73,-14.2,54
374,748,3,12,5,February-2024,422.2,0.0,45.86,-64.56,55
375,749,1,3,12,June-2024,271.97,0.0,26.03,-10.38,54
375,750,1,2,19,November-2024,78.87,78.87,26.32,7.46,66
376,751,3,9,18,December-2024,72.46,72.46,16.41,-1.58,61
376,752,1,4,53,November-2024,95.03,95.03,33.62,8.2,67
377,753,3,11,14,February-2024,259.97,0.0,25.94,-41.19,54
377,754,3,11,9,June-2024,323.91,323.91,139.79,99.6,71
378,755,3,11,51,March-2024,326.79,326.79,232.31,152.49,85
378,756,4,14,50,October-2024,232.76,0.0,40.08,-14.85,58
379,757,1,3,57,July-2024,143.87,143.87,87.06,48.06,80
379,758,3,9,5,March-2024,35.38,0.0,7.7,1.38,60
380,759,1,2,51,July-2024,312.24,0.0,74.89,-1.21,61
380,760,3,11,15,April-2024,232.62,0.0,49.69,-1.74,60
381,761,1,1,36,July-2024,143.71,0.0,32.82,10.22,61
381,762,3,12,49,August-2024,134.55,0.0,18.58,-12.21,56
382,763,1,3,57,January-2024,183.91,0.0,18.61,-28.38,55
382,764,3,11,14,November-2024,295.1,0.0,65.65,-12.07,61
383,765,3,11,24,August-2024,87.94,0.0,14.22,0.81,58
383,766,3,10,24,February-2024,365.16,0.0,84.13,-3.47,61
384,767,3,11,39,January-2024,369.29,0.0,56.85,-45.74,57
384,768,2,7,35,May-2024,388.71,0.0,89.57,29.38,61
385,769,3,9,44,June-2024,278.0,0.0,15.86,-50.23,52
385,770,1,1,1,September-2024,365.76,365.76,308.2,221.17,92
386,771,2,6,34,February-2024,285.6,0.0,24.74,-43.16,54
386,772,1,2,56,November-2024,398.8,0.0,93.28,14.44,61
387,773,1,1,59,January-2024,166.5,0.0,32.63,9.05,59
387,774,1,2,53,July-2024,470.25,0.0,43.37,-63.04,54
388,775,1,3,57,May-2024,294.09,294.09,125.62,71.63,71
388,776,1,1,38,February-2024,206.19,0.0,47.47,-0.44,61
389,777,2,8,40,May-2024,414.68,0.0,90.61,7.57,60
389,778,1,3,41,August-2024,155.96,0.0,22.61,-15.84,57
390,779,2,7,5,August-2024,49.55,0.0,9.57,-1.47,59
390,780,1,2,5,May-2024,105.97,0.0,16.45,-4.95,57
391,781,2,6,27,September-2024,318.8,318.8,69.2,13.11,60
391,782,1,1,29,December-2024,42.48,42.48,5.59,-3.76,56
392,783,1,1,58,June-2024,76.24,0.0,11.31,-6.77,57
392,784,1,3,12,February-2024,12.53,0.0,1.79,-0.88,57
393,785,1,3,25,February-2024,494.69,0.0,34.52,-94.0,53
393,786,3,12,10,May-2024,141.22,0.0,20.0,-18.68,57
394,787,1,3,18,November-2024,250.46,250.46,202.25,155.49,90
394,788,1,4,16,July-2024,196.58,0.0,43.94,18.65,61
395,789,3,9,8,March-2024,268.9,0.0,45.12,-26.21,58
395,790,1,1,52,October-2024,88.86,0.0,18.66,-1.08,60
396,791,3,12,30,September-2024,331.1,0.0,69.73,24.89,60
396,792,3,12,52,December-2024,274.28,0.0,60.91,-14.25,61
397,793,1,1,50,March-2024,235.97,0.0,48.67,-14.07,60
397,794,3,10,40,November-2024,488.81,488.81,277.41,159.16,78
398,795,3,12,11,September-2024,471.37,0.0,72.28,-14.28,57
398,796,3,11,2,September-2024,273.64,273.64,148.35,78.01,77
399,797,2,6,26,October-2024,276.84,276.84,58.01,-18.23,60
399,798,1,2,51,January-2024,138.33,0.0,22.72,-0.56,58
400,799,3,11,53,July-2024,113.3,0.0,6.14,-10.85,52
400,800,1,4,25,November-2024,422.92,0.0,100.6,27.45,61
401,801,3,9,60,June-2024,434.13,0.0,41.53,-14.02,54
401,802,2,8,33,February-2024,348.77,0.0,81.32,24.87,61
402,803,1,3,60,December-2024,354.02,0.0,37.0,-15.02,55
402,804,1,3,37,February-2024,58.96,0.0,8.17,-2.74,56
403,805,4,16,9,June-2024,427.01,0.0,106.62,40.15,62
403,806,1,1,29,October-2024,466.73,466.73,199.38,130.1,71
404,807,3,10,54,July-2024,271.72,0.0,28.92,-19.93,55
404,808,1,3,22,December-2024,241.6,241.6,62.55,31.51,62
405,809,2,8,35,July-2024,152.99,0.0,37.93,1.14,62
405,810,3,12,58,January-2024,407.51,0.0,90.7,37.19,61
406,811,1,4,54,November-2024,365.32,0.0,57.72,-32.09,57
406,812,1,3,44,March-2024,341.41,341.41,176.59,98.49,75
407,813,3,11,47,January-2024,407.25,0.0,81.87,-5.48,60
407,814,1,3,27,June-2024,38.4,38.4,12.23,5.77,65
408,815,3,10,41,September-2024,187.09,0.0,17.06,-34.04,54
408,816,1,1,53,December-2024,391.11,0.0,54.3,3.0,56
409,817,1,1,27,August-2024,278.3,278.3,50.32,-16.52,59
409,818,1,4,6,February-2024,415.89,0.0,55.0,-19.98,56
410,819,1,1,34,April-2024,108.02,0.0,25.92,-3.29,61
410,820,3,10,19,November-2024,467.08,467.08,358.65,277.54,88
411,821,1,4,7,May-2024,452.03,0.0,51.61,-56.92,55
411,822,3,10,41,February-2024,128.29,0.0,24.92,-10.74,59
412,823,1,2,41,April-2024,268.85,268.85,278.87,231.79,101
412,824,2,7,36,November-2024,174.44,0.0,41.32,-5.18,61
413,825,1,3,15,September-2024,267.84,0.0,23.63,-46.2,54
413,826,3,12,59,October-2024,101.75,0.0,21.84,-0.8,60
414,827,1,3,17,February-2024,207.19,0.0,39.91,3.02,59
414,828,3,10,26,January-2024,239.13,0.0,20.48,-45.89,54
415,829,4,13,7,June-2024,66.26,66.26,57.43,49.14,93
415,830,1,3,2,January-2024,331.95,0.0,54.9,12.81,58
416,831,1,4,34,March-2024,21.27,0.0,5.2,2.55,62
416,832,1,4,43,November-2024,215.56,215.56,47.08,11.57,60
417,833,1,2,19,December-2024,233.51,0.0,32.75,-3.3,57
417,834,2,8,35,August-2024,438.11,0.0,43.94,-70.63,55
418,835,1,1,28,April-2024,17.58,0.0,3.42,0.7,59
418,836,1,2,7,May-2024,62.25,0.0,6.83,-6.95,55
419,837,2,5,57,August-2024,153.52,0.0,9.6,-30.55,53
419,838,2,6,34,August-2024,415.87,0.0,31.1,-52.91,53
420,839,1,1,5,July-2024,491.79,491.79,134.6,7.04,63
420,840,3,9,13,August-2024,490.03,0.0,40.42,-24.25,54
421,841,3,11,1,November-2024,57.09,0.0,11.8,0.66,60
421,842,2,5,37,May-2024,24.11,0.0,5.13,-0.57,60
422,843,3,12,19,November-2024,138.1,0.0,27.0,-10.82,59
422,844,1,3,41,February-2024,286.87,286.87,242.6,180.19,92
423,845,1,2,21,March-2024,483.42,0.0,27.56,-38.46,52
423,846,1,3,2,March-2024,212.89,0.0,31.75,-2.91,57
424,847,3,11,22,February-2024,386.52,0.0,25.58,-41.87,53
424,848,1,3,51,January-2024,85.35,0.0,19.68,-1.03,61
425,849,1,3,5,October-2024,380.32,0.0,74.7,-0.78,59
425,850,2,8,26,March-2024,93.33,0.0,12.54,0.14,56
426,851,1,3,4,December-2024,141.87,0.0,14.86,-3.53,55
426,852,1,3,11,October-2024,391.51,391.51,270.44,164.96,84
427,853,3,12,20,July-2024,466.76,0.0,59.7,-2.31,56
427,854,3,12,18,June-2024,201.32,0.0,38.21,-17.32,59
428,855,1,4,24,March-2024,53.34,0.0,3.65,-6.13,53
428,856,1,1,14,May-2024,483.52,483.52,300.69,205.42,81
429,857,3,11,32,July-2024,50.01,0.0,6.01,-0.4,56
429,858,1,2,39,December-2024,352.12,0.0,39.89,-41.25,55
430,859,4,13,37,March-2024,438.87,0.0,59.99,-28.31,56
430,860,2,7,40,April-2024,86.84,86.84,40.35,18.31,73
431,861,1,1,8,June-2024,426.9,426.9,168.67,87.27,69
431,862,2,7,18,February-2024,261.53,0.0,49.5,-0.65,59
432,863,1,1,26,February-2024,31.61,0.0,5.85,-2.86,59
432,864,3,10,54,October-2024,421.74,421.74,294.46,231.84,84
433,865,2,5,19,April-2024,334.38,334.38,271.83,200.1,90
433,866,4,16,59,October-2024,332.22,0.0,73.37,-1.35,61
434,867,1,2,45,December-2024,497.28,0.0,103.21,4.34,60
434,868,1,2,8,August-2024,303.9,0.0,60.35,23.83,59
435,869,3,9,44,March-2024,196.29,0.0,34.82,11.22,58
435,870,3,12,26,July-2024,342.41,0.0,61.41,-11.31,58
436,871,3,10,52,May-2024,161.05,0.0,33.01,-5.3,60
436,872,2,8,25,August-2024,449.79,449.79,216.12,137.9,74
437,873,4,14,43,April-2024,478.96,0.0,72.4,-50.04,57
437,874,3,11,16,April-2024,56.3,0.0,2.82,-12.67,52
438,875,2,7,57,November-2024,160.62,0.0,27.51,-4.54,58
438,876,1,3,30,July-2024,85.45,85.45,47.15,26.58,77
439,877,1,4,55,July-2024,390.81,0.0,96.73,-10.64,62
439,878,1,4,27,October-2024,479.2,0.0,110.03,26.42,61
440,879,4,14,33,November-2024,439.63,0.0,49.02,-45.72,55
440,880,2,5,4,September-2024,332.34,0.0,67.32,-1.3,60
441,881,1,1,19,May-2024,182.65,0.0,32.71,-13.28,58
441,882,2,8,19,December-2024,181.07,0.0,30.82,-5.72,58
442,883,1,4,48,December-2024,410.95,0.0,42.88,-53.14,55
442,884,1,3,34,October-2024,105.95,0.0,9.08,-7.19,54
443,885,2,5,42,July-2024,327.68,0.0,25.64,-33.5,53
443,886,1,2,57,November-2024,146.91,0.0,22.07,3.84,57
444,887,1,3,1,December-2024,311.84,0.0,28.5,-27.23,54
444,888,3,10,25,September-2024,194.94,194.94,154.78,106.67,89
445,889,3,12,29,June-2024,277.3,0.0,34.28,-37.09,56
445,890,4,15,14,July-2024,119.44,0.0,17.54,-10.05,57
446,891,3,11,27,October-2024,201.31,0.0,45.77,14.71,61
446,892,1,2,25,July-2024,371.28,0.0,29.21,-59.73,53
447,893,4,14,27,September-2024,165.03,0.0,17.75,-2.53,55
447,894,1,4,56,March-2024,43.0,43.0,36.91,30.98,92
448,895,1,3,20,August-2024,41.75,0.0,3.34,-3.98,53
448,896,1,3,49,March-2024,317.83,0.0,39.45,-11.84,56
449,897,1,3,6,April-2024,167.29,0.0,13.84,-16.76,54
449,898,1,1,45,January-2024,264.03,0.0,49.75,2.29,59
450,899,1,3,21,June-2024,460.19,0.0,75.65,-41.3,58
450,900,1,3,21,December-2024,407.34,407.34,300.74,227.75,86
451,901,1,2,22,February-2024,59.8,0.0,10.73,-0.69,58
451,902,3,10,4,November-2024,148.67,0.0,15.95,-15.45,55
452,903,1,2,3,March-2024,237.69,0.0,57.39,12.82,62
452,904,1,1,18,August-2024,319.35,0.0,67.57,16.31,60
453,905,1,2,16,September-2024,328.28,0.0,44.55,-5.42,56
453,906,1,4,32,September-2024,46.18,0.0,3.71,-6.86,54
454,907,3,11,44,February-2024,172.08,172.08,47.5,25.22,63
454,908,3,12,60,June-2024,428.69,0.0,26.65,-34.7,53
455,909,1,4,4,September-2024,367.81,0.0,57.06,-36.83,57
455,910,3,10,17,July-2024,495.93,495.93,189.0,75.77,69
456,911,3,9,8,November-2024,464.52,464.52,337.19,261.17,86
456,912,2,8,55,October-2024,12.09,0.0,1.72,-0.87,57
457,913,1,3,15,August-2024,35.24,0.0,6.01,-0.41,58
457,914,1,2,34,November-2024,475.51,0.0,81.13,-26.0,58
458,915,2,5,38,April-2024,442.65,0.0,41.95,-67.5,54
458,916,1,3,59,April-2024,179.17,0.0,17.77,-9.34,54
459,917,1,2,44,September-2024,487.06,0.0,75.69,-46.58,57
459,918,1,4,1,July-2024,133.42,0.0,20.34,-7.45,57
460,919,1,3,41,March-2024,421.0,0.0,65.0,-38.8,57
460,920,2,6,46,August-2024,168.31,0.0,20.05,-3.45,55
461,921,1,2,16,December-2024,92.93,92.93,8.48,-5.8,54
461,922,2,6,48,July-2024,435.03,0.0,59.48,-30.21,56
462,923,1,1,10,April-2024,128.67,0.0,15.4,-15.33,55
462,924,4,15,27,November-2024,85.45,0.0,9.96,-7.01,55
463,925,1,2,17,October-2024,360.73,0.0,61.56,-22.76,58
463,926,1,4,1,September-2024,127.53,127.53,81.14,61.03,81
464,927,1,1,11,November-2024,73.41,0.0,17.98,6.44,62
464,928,2,6,22,October-2024,173.13,0.0,21.12,-2.81,56
465,929,3,10,12,September-2024,306.04,0.0,47.3,-7.88,57
465,930,3,10,4,October-2024,351.2,351.2,343.85,287.34,98
466,931,1,1,1,April-2024,467.63,0.0,61.15,-44.86,56
466,932,1,3,13,October-2024,36.34,0.0,8.57,3.18,61
467,933,3,9,48,July-2024,173.84,0.0,33.89,11.43,59
467,934,1,2,46,December-2024,297.97,297.97,140.34,82.48,73
468,935,3,9,10,November-2024,105.79,105.79,20.44,5.13,59
468,936,1,2,13,February-2024,91.43,0.0,16.11,2.43,58
469,937,1,4,2,August-2024,470.02,0.0,107.94,17.73,61
469,938,1,1,57,September-2024,344.0,0.0,48.64,-46.63,57
470,939,4,16,17,November-2024,156.65,0.0,34.57,-8.34,61
470,940,1,2,15,December-2024,340.92,340.92,173.04,93.29,75
471,941,1,3,30,February-2024,213.34,213.34,97.51,51.37,72
471,942,1,2,14,February-2024,462.34,462.34,438.09,343.2,97
472,943,1,4,2,November-2024,472.2,0.0,116.47,56.38,62
472,944,1,4,37,July-2024,25.81,0.0,4.26,0.07,58
473,945,1,3,45,October-2024,352.66,0.0,53.0,-33.74,57
473,946,1,1,33,April-2024,246.21,0.0,23.52,-7.33,54
474,947,1,2,7,November-2024,233.63,0.0,44.02,5.49,59
474,948,2,6,50,March-2024,372.57,0.0,50.26,-52.54,56
475,949,2,6,53,April-2024,335.64,0.0,42.82,-0.43,56
475,950,2,6,7,September-2024,190.8,0.0,18.76,-12.67,54
476,951,3,10,42,July-2024,40.43,0.0,7.62,-0.45,59
476,952,4,15,2,May-2024,79.99,0.0,9.6,-6.76,56
477,953,3,12,28,September-2024,372.09,0.0,76.65,25.39,60
477,954,1,3,21,February-2024,151.64,0.0,32.57,-3.93,60
478,955,3,11,20,October-2024,368.93,368.93,133.31,76.56,68
478,956,3,11,57,June-2024,453.79,0.0,50.02,-33.49,55
479,957,1,1,35,August-2024,68.68,0.0,16.78,6.53,62
479,958,2,5,48,September-2024,24.78,0.0,3.24,-0.54,56
480,959,1,1,29,March-2024,188.09,188.09,104.95,71.9,77
480,960,1,4,27,September-2024,224.78,0.0,47.56,-3.17,60
481,961,1,2,47,March-2024,491.51,0.0,56.31,-3.56,55
481,962,3,12,26,May-2024,63.48,0.0,10.19,-4.3,58
482,963,3,10,2,December-2024,61.34,0.0,13.41,1.06,60
482,964,1,1,45,January-2024,296.24,0.0,55.96,-4.46,59
483,965,3,9,37,October-2024,368.66,368.66,174.58,128.75,73
483,966,1,2,30,July-2024,479.23,0.0,101.77,-25.74,60
484,967,2,6,51,December-2024,144.5,0.0,19.76,-13.46,56
484,968,1,2,27,May-2024,188.57,0.0,30.87,-15.42,58
485,969,3,11,34,June-2024,227.99,0.0,40.8,-18.53,58
485,970,1,2,9,February-2024,45.27,0.0,8.51,-3.66,59
486,971,1,4,22,May-2024,345.8,0.0,77.54,1.94,61
486,972,1,2,14,April-2024,454.54,0.0,68.47,-20.05,57
487,973,2,6,1,June-2024,138.99,0.0,16.53,-13.66,55
487,974,4,15,3,June-2024,437.9,0.0,45.82,-65.33,55
488,975,1,1,3,May-2024,449.38,0.0,43.58,-37.79,54
488,976,1,1,51,December-2024,365.06,0.0,63.42,-3.27,58
489,977,3,11,3,October-2024,219.97,0.0,13.7,-30.28,53
489,978,2,8,54,March-2024,462.15,0.0,79.05,-9.29,58
490,979,3,11,44,July-2024,355.54,0.0,28.41,-22.3,53
490,980,1,1,9,December-2024,362.24,0.0,40.39,-55.67,55
491,981,1,2,56,June-2024,229.26,0.0,42.41,-12.84,59
491,982,2,6,10,January-2024,402.26,0.0,95.28,31.76,61
492,983,1,2,55,March-2024,325.94,0.0,16.98,-48.04,52
492,984,3,12,37,June-2024,448.18,448.18,141.01,54.23,65
493,985,2,6,31,August-2024,239.48,0.0,47.52,-14.02,59
493,986,2,6,1,October-2024,124.45,0.0,27.19,-3.77,60
494,987,1,1,45,July-2024,36.37,0.0,5.24,-4.32,57
494,988,1,2,12,September-2024,383.37,0.0,72.36,11.44,59
495,989,3,10,29,February-2024,198.82,0.0,37.45,-14.95,59
495,990,2,6,4,September-2024,483.91,0.0,48.6,-28.08,55
496,991,4,15,44,January-2024,217.4,0.0,27.28,-19.48,56
496,992,2,6,26,February-2024,373.72,0.0,27.43,-43.42,53
497,993,1,4,14,January-2024,211.87,0.0,17.16,-40.69,54
497,994,1,1,22,January-2024,201.61,201.61,52.78,12.52,63
498,995,1,3,36,October-2024,326.34,0.0,19.88,-40.3,53
498,996,1,4,54,June-2024,316.61,316.61,285.36,212.71,95
499,997,1,3,38,June-2024,488.29,0.0,60.15,-67.56,56
499,998,3,10,1,October-2024,423.67,0.0,99.81,34.12,61
500,999,2,6,8,March-2024,378.28,0.0,86.53,31.65,61
500,1000,3,12,17,June-2024,451.06,0.0,100.73,28.12,61
